Comment,Cleaned_Comment
Skip navigation,skip navigation
Sign in,sign in
Join,join
Subscribe,subscribe
,nan
"Time and again we are reminded of how unsafe is our country for a Women, another crime against a medical student has been reported in Kolkata. This crime occurred within the confines of",time and again we are reminded of how unsafe is our country for a women another crime against a medical student has been reported in kolkata this crime occurred within the confines of
,nan
,nan
,nan
,nan
,nan
,nan
,nan
,nan
,nan
,nan
,nan
,nan
,nan
,nan
,nan
,nan
,nan
See what others said about this video while it was live.,see what others said about this video while it was live
,nan
Who Wants Justice for all Victims?,who wants justice for all victims
Reply,reply
214 replies,replies
,nan
"Finally clarification mila.
India needs you .
A true journalist","finally clarification mila
india needs you 
a true journalist"
Reply,reply
37 replies,replies
,nan
Nitish rajput = Zero politics + pure content + Presentation style is absolutely perfect,nitish rajput  zero politics  pure content  presentation style is absolutely perfect
Reply,reply
86 replies,replies
,nan
Hats off Nitish. Appreciate the hardwork you do in providing sourceful information. Justice for Dr. Moumita  may God bless her soul,hats off nitish appreciate the hardwork you do in providing sourceful information justice for dr moumita  may god bless her soul
Reply,reply
1 reply,reply
,nan
"Protect your daughter 
Educate your son
Educate your husband 
Educate your brother 
That's enough to keep our country safe","protect your daughter 
educate your son
educate your husband 
educate your brother 
thats enough to keep our country safe"
Reply,reply
317 replies,replies
,nan
"Government is trying to silence the victims parents, shows how cruel the government is",government is trying to silence the victims parents shows how cruel the government is
Reply,reply
108 replies,replies
,nan
The only Youtuber i fully trust ... No one like You Nitish Sir,the only youtuber i fully trust  no one like you nitish sir
Reply,reply
61 replies,replies
,nan
‡§Ü‡§™‡§®‡•á ‡§¨‡§π‡•Å‡§§ ‡§™‡§∞‡§ø‡§∂‡•ç‡§∞‡§Æ ‡§∏‡•á ‡§™‡•Ç‡§∞‡•Ä ‡§ò‡§ü‡§®‡§æ ‡§ï‡•ã ‡§∏‡§Æ‡§ù‡§æ‡§Ø‡§æ ‡§π‡•à,
Reply,reply
Itni Behtreen Tarike Se Kisi Case Ko Dikhana Pehli Bar You Tube Pe Dekha Hai Thanks,itni behtreen tarike se kisi case ko dikhana pehli bar you tube pe dekha hai thanks
Reply,reply
8 replies,replies
,nan
"Video bahut knowledgeable hoti hai

Or kisi bhi party ke under nhi hoti yahi baat hme sabse achhi lagti hai","video bahut knowledgeable hoti hai

or kisi bhi party ke under nhi hoti yahi baat hme sabse achhi lagti hai"
Reply,reply
44 replies,replies
,nan
"I am from West Bengal. I have seen many videos on this topic. No one gave detailed information without being completely neutral. Even after i watching news all day, I did not get as much information as I got from this video. Salute Sir, our country needs you a lot.",i am from west bengal i have seen many videos on this topic no one gave detailed information without being completely neutral even after i watching news all day i did not get as much information as i got from this video salute sir our country needs you a lot
Reply,reply
30 replies,replies
,nan
"zero politics role and uplfiting the truth,the one and only nitish sir.No one can do what do you do big bro and the information gathered,explaining is just superb.Keep doing what you do big bro and may you accomplished more in life.",zero politics role and uplfiting the truththe one and only nitish sirno one can do what do you do big bro and the information gatheredexplaining is just superbkeep doing what you do big bro and may you accomplished more in life
Reply,reply
"Dear Nitish ji,
You deserve a lot of respect from my side without favouritism any person or political parties.","dear nitish ji
you deserve a lot of respect from my side without favouritism any person or political parties"
Reply,reply
2 replies,replies
,nan
As a law student! I appreciate the amount of research and due diligence you do before publishing any video.,as a law student i appreciate the amount of research and due diligence you do before publishing any video
Reply,reply
1 reply,reply
,nan
"Dear Nitish ji,
You deserve a lot of respect from my side without favouritism any person or political parties. Thank u sir .WE WANT JUSTIC","dear nitish ji
you deserve a lot of respect from my side without favouritism any person or political parties thank u sir we want justic"
Reply,reply
"‡§Ü‡§™ ‡§â‡§® ‡§ö‡•Å‡§®‡§ø‡§Ç‡§¶‡§æ ‡§≤‡•ã‡§ó‡•ã ‡§Æ‡•á‡§Ç ‡§∏‡•á ‡§π‡•à ‡§ú‡•ã ‡§Ö‡§™‡§®‡•á ‡§ï‡§æ‡§Æ ‡§ï‡•ã ‡§á‡§§‡§®‡•á ‡§â‡§§‡•ç‡§∏‡§æ‡§π ‡§î‡§∞ ‡§∏‡§ö‡•ç‡§ö‡§æ‡§à ‡§∏‡•á ‡§ï‡§∞‡§§‡•á ‡§π‡•à ‡§ï‡•Ä ‡§µ‡•ã ‡§ï‡§æ‡§Æ ‡§® ‡§∞‡§π‡§ï‡§∞ ‡§∏‡•á‡§µ‡§æ ‡§¨‡§® ‡§ú‡§æ‡§§‡•Ä ‡§π‡•à ‡§î‡§∞ ‡§∏‡§ö‡•ç‡§ö‡•Ä ‡§∏‡•á‡§µ‡§æ ‡§Ø‡§π‡•Ä ‡§π‡•à ‡§ï‡•Ä ‡§≤‡•ã‡§ó‡•ã ‡§ï‡•ã ‡§≠‡•ç‡§∞‡§Æ‡•ã‡§Ç ‡§∏‡•á ‡§®‡§ø‡§ï‡§æ‡§≤‡§ï‡§∞ ‡§∏‡§π‡•Ä ‡§ú‡§æ‡§®‡§ï‡§æ‡§∞‡•Ä ‡§¶‡•Ä ‡§ú‡§æ‡§è ‡§ú‡§ø‡§∏‡§∏‡•á ‡§µ‡•á ‡§Ö‡§™‡§®‡•á ‡§Ö‡§ß‡§ø‡§ï‡§æ‡§∞‡•ã‡§Ç ‡§ï‡•ã ‡§∏‡§Æ‡§ù‡•á, ‡§∏‡§π‡•Ä -‡§ó‡§≤‡§§ ‡§ï‡•ã ‡§™‡§π‡§ö‡§æ‡§®‡•á ‡§î‡§∞ ‡§∏‡•ç‡§µ‡§§‡§Ç‡§§‡•ç‡§∞ ‡§è‡§µ‡§Ç ‡§ú‡§ø‡§Æ‡•ç‡§Æ‡•á‡§¶‡§æ‡§∞ ‡§®‡§æ‡§ó‡§∞‡§ø‡§ï ‡§¨‡§® ‡§∏‡§ï‡•á ‡§∏‡§ï‡•á l
‡§¨‡§π‡•Å‡§§ ‡§¨‡§π‡•Å‡§§ ‡§ß‡§®‡•ç‡§Ø‡§µ‡§æ‡§¶Ô∏èÔ∏èÔ∏è",l
Reply,reply
"When Nitish said ""Na main bta paunga na aap sun paenge"" This line hurt me a lot",when nitish said na main bta paunga na aap sun paenge this line hurt me a lot
Reply,reply
19 replies,replies
,nan
I and surprised why so many big media houses are unable to present all these facts & knowledge with such easy to understand and in such detail !!! Respect to this content creator ..... Always following your videos,i and surprised why so many big media houses are unable to present all these facts  knowledge with such easy to understand and in such detail  respect to this content creator  always following your videos
Reply,reply
Pure YouTube me sirf aap hi ek aise ho jo 100% information dete ho. Thank you bhaiya.,pure youtube me sirf aap hi ek aise ho jo  information dete ho thank you bhaiya
Reply,reply
5 replies,replies
,nan
"Clear mindset and pure journalism, liked it bro. India needs people like you to show the mirror and make them realise that for money everything and everyone is selling their values. U explained everything with facts and truth's. Dudh ka dudh Pani ka Pani ... U made everything clear in this case, hope Modi govt will take some action and prove that citizens of India can still keep faith in the govt and live here with dignity.",clear mindset and pure journalism liked it bro india needs people like you to show the mirror and make them realise that for money everything and everyone is selling their values u explained everything with facts and truths dudh ka dudh pani ka pani  u made everything clear in this case hope modi govt will take some action and prove that citizens of india can still keep faith in the govt and live here with dignity
Reply,reply
"He is the best YouTuber I have ever seen these days. No brainwashing, no indirect political support, just pure journalism.",he is the best youtuber i have ever seen these days no brainwashing no indirect political support just pure journalism
Reply,reply
10 replies,replies
,nan
Itni details ke baare me to hamara media bhi nahi btata.Really good work by Nitish Rajput,itni details ke baare me to hamara media bhi nahi btatareally good work by nitish rajput
Reply,reply
A huge respect to you for clearing all the points and bringing the truth without supporting any political party.,a huge respect to you for clearing all the points and bringing the truth without supporting any political party
Reply,reply
1 reply,reply
,nan
"Nitish Rajput is not only an youtuber but he is a real journalist with no fear of anyone, hats off and feel proud to be a follower of U",nitish rajput is not only an youtuber but he is a real journalist with no fear of anyone hats off and feel proud to be a follower of u
Reply,reply
Itne sare news channel hone ke bawjud bhi itna clear information kisine nahi diya.  Best information,itne sare news channel hone ke bawjud bhi itna clear information kisine nahi diya  best information
Reply,reply
"Kolkata case ko le ke Maine bahut se video dekha lekin samjh nhi aaya  lekin is ko video dekhne ke baat pata chala Puri kahani, itna detail  ke saath koi explain nhi kar sakta .. Superb video h.",kolkata case ko le ke maine bahut se video dekha lekin samjh nhi aaya  lekin is ko video dekhne ke baat pata chala puri kahani itna detail  ke saath koi explain nhi kar sakta  superb video h
Reply,reply
1 reply,reply
,nan
I appreciate how this man provided information without pulling her into it when not needed. Thank you for your information,i appreciate how this man provided information without pulling her into it when not needed thank you for your information
Reply,reply
1 reply,reply
,nan
OMG your video editor is damn good please appreciate him/her for the hard work they put in your videos,omg your video editor is damn good please appreciate himher for the hard work they put in your videos
Reply,reply
i don't know how many days and nights of efforts you have put for this video... but I'm proud that I watch your content.,i dont know how many days and nights of efforts you have put for this video but im proud that i watch your content
Reply,reply
6 replies,replies
,nan
I appreciate how this channel sticks to the facts without any bias‚Äîit's refreshing to see objective information presented so clearly. Thank you sir.,i appreciate how this channel sticks to the facts without any biasits refreshing to see objective information presented so clearly thank you sir
Reply,reply
‡§•‡•à‡§Ç‡§ï ‡§Ø‡•Ç ‡§∏‡§∞ ‡§á‡§§‡§®‡•Ä ‡§Æ‡§π‡§§‡•ç‡§µ‡§™‡•Ç‡§∞‡•ç‡§£ ‡§ú‡§æ‡§®‡§ï‡§æ‡§∞‡•Ä ‡§á‡§§‡§®‡•Ä ‡§∏‡§æ‡§´ ‡§≤‡§´‡•ç‡§ú‡•ã‡§Ç ‡§Æ‡•á‡§Ç ‡§¨‡§§‡§æ‡§®‡•á ‡§ï‡•á ‡§≤‡§ø‡§è,
Reply,reply
"Good knowledge given about this case, thanks brother.",good knowledge given about this case thanks brother
Reply,reply
1 reply,reply
,nan
Bina skip kiye huye pahli baar koi video dekha hu kitna acha explain Kiya h sir aap ne,bina skip kiye huye pahli baar koi video dekha hu kitna acha explain kiya h sir aap ne
Reply,reply
Waaah sir Maine bhaut sari videos dekhi YouTube per kolkata case se related but jitni saaf or sachhi baat apne kahi apni video mai utni sachhai ki video mai nahi thi,waaah sir maine bhaut sari videos dekhi youtube per kolkata case se related but jitni saaf or sachhi baat apne kahi apni video mai utni sachhai ki video mai nahi thi
Reply,reply
9 replies,replies
,nan
Salute to Alhtar Ali for report and bravery he showed,salute to alhtar ali for report and bravery he showed
Reply,reply
"Aisi research indian media kyo nhi kar sakti??

Well done Nitish...","aisi research indian media kyo nhi kar sakti

well done nitish"
Reply,reply
47 replies,replies
,nan
‡§∏‡§∞ ‡§Ü‡§™ ‡§¨‡§π‡•Å‡§§ ‡§Ö‡§ö‡•ç‡§õ‡•á ‡§§‡§∞‡•Ä‡§ï‡•á ‡§∏‡•á ‡§∏‡§Æ‡§ù‡§æ‡§Ø‡§æ ‡§π‡•à ‡§î‡§∞ ‡§Æ‡•à‡§Ç ‡§ö‡§æ‡§π‡§§‡§æ ‡§π‡•Ç‡§Ç ‡§ï‡§ø ‡§∏‡§∞ ‡§™‡•Ç‡§∞‡•Ä ‡§§‡§∞‡•Ä‡§ï‡•á ‡§∏‡•á ‡§ú‡§æ‡§Ç‡§ö ‡§π‡•ã ‡§î‡§∞ ‡§ú‡•ã ‡§ú‡•ã ‡§≠‡•Ä ‡§Ü‡§∞‡•ã‡§™‡•Ä ‡§π‡•à ‡§â‡§®‡§ï‡•ã ‡§™‡•Ç‡§∞‡•Ä ‡§§‡§∞‡•Ä‡§ï‡•á ‡§∏‡•á ‡§∏‡§ú‡§æ ‡§Æ‡§ø‡§≤,
Reply,reply
"You have not mentioned any advertisement in this video, you earned my respect sir.",you have not mentioned any advertisement in this video you earned my respect sir
Reply,reply
17 replies,replies
,nan
Apne itne behtarin tarike se is ghatna ko rkha hai samne ki wakai sunne & dekhne me bhi kaafi detail clarify ho pa rahi hai.,apne itne behtarin tarike se is ghatna ko rkha hai samne ki wakai sunne  dekhne me bhi kaafi detail clarify ho pa rahi hai
Reply,reply
Shame on Mamta Banerjee Gov! Appreciate Nitish for his in-depth Analysis!!,shame on mamta banerjee gov appreciate nitish for his indepth analysis
Reply,reply
8 replies,replies
,nan
Salute to your Research Journalism. Eye opener for everyone. More than 170 documents/resources have been put together for making this courageous Journalism.,salute to your research journalism eye opener for everyone more than  documentsresources have been put together for making this courageous journalism
Reply,reply
"Justic for Atul Subhash 
Justice is gender neutral 
His sacrifice should not go in vain","justic for atul subhash 
justice is gender neutral 
his sacrifice should not go in vain"
Reply,reply
1 reply,reply
,nan
#‡§Æ‡§Æ‡§§‡§æ_‡§¨‡§®‡§∞‡•ç‡§ú‡•Ä_‡§á‡§∏‡•ç‡§§‡•Ä‡§´‡§æ_‡§¶‡•ã  ‡§ü‡•Ä‡§è‡§Æ‡§∏‡•Ä ‡§ï‡•á ‡§µ‡§ø‡§ß‡§æ‡§Ø‡§ï ‡§î‡§∞ ‡§∏‡§æ‡§Ç‡§∏‡§¶ ‡§á‡§∏‡•ç‡§§‡•Ä‡§´‡§æ ‡§¶‡•ã‡•§,
Reply,reply
57 replies,replies
,nan
This is called true journalism. Presentation of facts with the facts. I was waiting for your analysis Nitish sir.,this is called true journalism presentation of facts with the facts i was waiting for your analysis nitish sir
Reply,reply
2 replies,replies
,nan
Jo media 30 days se 24*7 nahi bata paya vo Nitish bhai ne 39 mins me detail me coved kiya.. this is real journalism.. pure content.,jo media  days se  nahi bata paya vo nitish bhai ne  mins me detail me coved kiya this is real journalism pure content
Reply,reply
8 replies,replies
,nan
Finally a non bengali youtuber talked about it with proper explanation. Your research is commendable. You didn't dilute this incident with the help of other cases.,finally a non bengali youtuber talked about it with proper explanation your research is commendable you didnt dilute this incident with the help of other cases
Reply,reply
3 replies,replies
,nan
Don't know how you can gather and manage such a vast amount of information. You are simply great.,dont know how you can gather and manage such a vast amount of information you are simply great
Reply,reply
8 replies,replies
,nan
‡¶Ü‡¶™‡¶®‡¶ø ‡¶ñ‡ßÅ‡¶¨ ‡¶∏‡ßÅ‡¶®‡ßç‡¶¶‡¶∞ ‡¶¨‡¶≤‡ßá‡¶õ‡ßá‡¶® ‡¶Ü‡¶∞‡¶ú‡¶ø‡¶ï‡¶∞ ‡¶π‡¶∏‡¶™‡¶ø‡¶ü‡¶æ‡¶≤‡ßá‡¶∞ ‡¶≠‡¶ø‡¶§‡¶∞‡ßá‡¶∞ ‡¶è‡¶§ ‡¶ñ‡¶¨‡¶∞ ‡¶ú‡¶æ‡¶®‡¶§‡¶æ‡¶Æ ‡¶®‡¶æ ‡¶è‡¶á ‡¶ñ‡¶¨‡¶∞ ‡¶¶‡ßá‡¶Ø‡¶º‡¶æ‡¶∞ ‡¶ú‡¶®‡ßç‡¶Ø ‡¶ß‡¶®‡ßç‡¶Ø‡¶¨‡¶æ‡¶¶ ‡¶®‡ßÄ‡¶§‡¶ø‡¶∂ ‡¶∞‡¶æ‡¶ú‡¶™‡ßÅ‡¶§ ‡¶ú‡¶ø,
Reply,reply
1 reply,reply
,nan
Well explained in a short duration. salute to your case study. everyone should know about this. Well done & keep it up.,well explained in a short duration salute to your case study everyone should know about this well done  keep it up
Reply,reply
"Difference between dhruv rather video and nitish Bhai 
Sab kush clear clear saaf saaf btaya .. hatt off bhaii","difference between dhruv rather video and nitish bhai 
sab kush clear clear saaf saaf btaya  hatt off bhaii"
Reply,reply
18 replies,replies
,nan
"Your doing great work , bohot se log jagrut or jankar hote hai or one of the best thing is ki jobhi video me baat hoti hai woh description box me mention hota hai   : Thanks!",your doing great work  bohot se log jagrut or jankar hote hai or one of the best thing is ki jobhi video me baat hoti hai woh description box me mention hota hai    thanks
Reply,reply
Kisi bhi news channel ya youtuber itni details mein nahi bataya jitna Nitish rajpoot ne bataya....hats off bro.,kisi bhi news channel ya youtuber itni details mein nahi bataya jitna nitish rajpoot ne batayahats off bro
Reply,reply
8 replies,replies
,nan
This episode deserves to be on international TV media. Respect from Pakistan and condolence to the victim's parents.,this episode deserves to be on international tv media respect from pakistan and condolence to the victims parents
Reply,reply
Most reliable youtuber. Speaks for public not for any political party.,most reliable youtuber speaks for public not for any political party
Reply,reply
8 replies,replies
,nan
"‡§®‡•Ä‡§§‡•Ä‡§∂ ‡§≠‡§æ‡§à ‡§ï‡§ø‡§∏‡•Ä ‡§™‡§æ‡§∞‡•ç‡§ü‡•Ä ‡§ï‡§æ ‡§ó‡•Å‡§≤‡§æ‡§Æ ‡§®‡§π‡•Ä‡§Ç ‡§π‡•à...
‡§¨‡§ø‡§®‡§æ ‡§ï‡§ø‡§∏‡•Ä ‡§™‡§ï‡•ç‡§∑‡§™‡§æ‡§§ ‡§ï‡•á ‡§∂‡§æ‡§®‡§¶‡§æ‡§∞ ‡§™‡§§‡•ç‡§∞‡§ï‡§æ‡§∞‡§ø‡§§‡§æ",
Reply,reply
11 replies,replies
,nan
"As a Bengali, I'm so so impressed by this video. 
We Bengalis know the real issues , the underlying causes that are all politically related to this case. But rest of India especially in social Media entirely misinterpreted this case as a mere societal issue of rap_ & men vs women issue which is not linked to this specific & contexual issue of Kolkata. 
Regarding this case we can say,
Protect your daughters 
Educate your sons 
Educate citizens to uprise against Maafia Goverment & never elect them","as a bengali im so so impressed by this video 
we bengalis know the real issues  the underlying causes that are all politically related to this case but rest of india especially in social media entirely misinterpreted this case as a mere societal issue of rap  men vs women issue which is not linked to this specific  contexual issue of kolkata 
regarding this case we can say
protect your daughters 
educate your sons 
educate citizens to uprise against maafia goverment  never elect them"
Reply,reply
"best case study ever...even more details than media.
""WE WANT JUSTICE"".","best case study evereven more details than media
we want justice"
Reply,reply
We really need journalist like you... Thank you,we really need journalist like you thank you
Reply,reply
"Salute and Respect for not including any promotional ad in the video. Such dedication, hard work and honesty will take you to new heights.",salute and respect for not including any promotional ad in the video such dedication hard work and honesty will take you to new heights
Reply,reply
1 reply,reply
,nan
Details are appreciated ....full data covered in single video,details are appreciated full data covered in single video
Reply,reply
"nitish bhaiya jab se 
aapki pehli video dekhi h
 jb se aapki ek bhi video
 miss nhi ki or purani bh
i saari dekh li abto debate
 bhi krne lga hu m topics pr
 big thanks to you","nitish bhaiya jab se 
aapki pehli video dekhi h
 jb se aapki ek bhi video
 miss nhi ki or purani bh
i saari dekh li abto debate
 bhi krne lga hu m topics pr
 big thanks to you"
Reply,reply
You are gem and true journalist. It's not only a West Bengal vandalism but also national issue. So all true Indian protest against such crime until it's ended.,you are gem and true journalist its not only a west bengal vandalism but also national issue so all true indian protest against such crime until its ended
Reply,reply
"You deserve to be an indipendent Member of Parliament.
We need a leader like you","you deserve to be an indipendent member of parliament
we need a leader like you"
Reply,reply
Very well explained . Government should take immediate action & brought justice,very well explained  government should take immediate action  brought justice
Reply,reply
"‡§¨‡§ø‡§®‡§æ ‡§ï‡§ø‡§∏‡•Ä ‡§™‡§ï‡•ç‡§∑‡§™‡§æ‡§§ ‡§ï‡•á ‡§∏‡§æ‡§∞‡•á ‡§¨‡§ø‡§ñ‡§∞‡•Ä ‡§π‡•Å‡§à ‡§ò‡§ü‡§®‡§æ ‡§ï‡•ã ‡§∏‡§Æ‡•á‡§ü ‡§ï‡§∞‡§ï‡•á ‡§¶‡§ø‡§ñ‡§æ‡§®‡§æ, 
‡§ï‡§æ‡§¨‡§ø‡§≤‡•á ‡§§‡§æ‡§∞‡•Ä‡§´ ‡§π‡•à
Hats of you sirrüáÆüá≥üáÆüá≥",hats of you sirr
Reply,reply
I am really shameful for this horrific act. Strongly condemn it. Terrific work by Nitish. Your unbiased thoughts and details are really inspiring and better than Dhruv,i am really shameful for this horrific act strongly condemn it terrific work by nitish your unbiased thoughts and details are really inspiring and better than dhruv
Reply,reply
3 replies,replies
,nan
"You're absolutely right. It's frustrating how the system often overlooks the struggles of the common man. We're expected to work, pay taxes, and vote, but when we need justice or help, the process becomes unnecessarily difficult. An online association to empower and support ordinary people could be a game-changer, giving us a unified voice to demand accountability and fair treatment. It's time we stand together for our rights!",youre absolutely right its frustrating how the system often overlooks the struggles of the common man were expected to work pay taxes and vote but when we need justice or help the process becomes unnecessarily difficult an online association to empower and support ordinary people could be a gamechanger giving us a unified voice to demand accountability and fair treatment its time we stand together for our rights
Reply,reply
I saw it because of John Abraham!!  What a thorough investigation Nitiesh. Hats off.,i saw it because of john abraham  what a thorough investigation nitiesh hats off
Reply,reply
"I just bow down to you.
Your way of explaining things is to the next level.
I'm from Kolkata 
And the RG Kar college is just near our house.","i just bow down to you
your way of explaining things is to the next level
im from kolkata 
and the rg kar college is just near our house"
Reply,reply
4 replies,replies
,nan
"The fact to appreciate that you didn't add any advertisement in this video according to it seriousness and vulnerability.
Appreciated","the fact to appreciate that you didnt add any advertisement in this video according to it seriousness and vulnerability
appreciated"
Reply,reply
As a father of 4 years daughter I am angry and scared at the same time.,as a father of  years daughter i am angry and scared at the same time
Reply,reply
5 replies,replies
,nan
"Keep doing this good work, we need more people who treat news like news not propoganda and keep the fact in fronf of us. Thanks",keep doing this good work we need more people who treat news like news not propoganda and keep the fact in fronf of us thanks
Reply,reply
"What Dhruv Rathee talked about This case Vs What Nitish talk..
Respect for him to bravely told the truth..Ô∏è","what dhruv rathee talked about this case vs what nitish talk
respect for him to bravely told the truth"
Reply,reply
53 replies,replies
,nan
‡§®‡•Ä‡§§‡•Ä‡§∂ ‡§≠‡§æ‡§à ‡§Ü‡§™ ‡§ï‡•ã ‡§•‡•à‡§Ç‡§ï‡•ç‡§∏ ‡§Ü‡§™ ‡§®‡•à ‡§™‡•Ç‡§∞‡•Ä ‡§∏‡•ç‡§ü‡•ã‡§∞‡•Ä ‡§¨‡§ø‡§≤‡§ï‡•Å‡§≤ ‡§¨‡§ø‡§®‡§æ ‡§ï‡§ø‡§∏‡•Ä ‡§ù‡•Ç‡§† ‡§ï‡•á ‡§¨‡§§‡§æ‡§è‡§Ç ‡§•‡•à‡§Ç‡§ï ‡§Ø‡•Ç ‡§Æ‡•à‡§Ç ‡§Ü‡§™ ‡§ï‡•Ä ‡§Æ‡•á‡§π‡§®‡§§ ‡§ï‡•ã ‡§∏‡§≤‡§æ‡§Æ ‡§ï‡§∞‡§§‡§æ ‡§π‡•Å ‡§Ü‡§™ ‡§Ü‡§ó‡•á ‡§≠‡•Ä ‡§á‡§∏ ‡§ï‡•á‡§∏ ‡§ï‡•ã ‡§™‡•Ç‡§∞‡§æ ‡§¨‡§§‡§æ‡§®‡§æ ‡§Ö‡§ó‡•á‡§® ‡§•‡•à‡§Ç‡§ï‡•ç‡§∏,
Reply,reply
No digression from the topic. Explained after proper research. Absolutely good,no digression from the topic explained after proper research absolutely good
Reply,reply
"Found someone neutral and without any agenda, a long way to go brother. More power to you",found someone neutral and without any agenda a long way to go brother more power to you
Reply,reply
The best thing is that he doesn't use advertisements in this video. Thank you and hats off to you for this video. You have the real courage to tell the truth,the best thing is that he doesnt use advertisements in this video thank you and hats off to you for this video you have the real courage to tell the truth
Reply,reply
2 replies,replies
,nan
"1)Editor deserves a raise
2)Researcher deserves a raise
3)Nitish Rajput needs to become the most subscribed youtuber

I am living in Kolkata and have been following the news daily,yet I do not have such intricate information about the case!!","editor deserves a raise
researcher deserves a raise
nitish rajput needs to become the most subscribed youtuber

i am living in kolkata and have been following the news dailyyet i do not have such intricate information about the case"
Reply,reply
3 replies,replies
,nan
What a coverage... Awesome...Entire News media of India couldn't clarify the case ...the way u hv done in this video...Hatsoff...,what a coverage awesomeentire news media of india couldnt clarify the case the way u hv done in this videohatsoff
Reply,reply
Nice video nitish bhai happy new year,nice video nitish bhai happy new year
Reply,reply
"Jo bade bade news channels nahi bata paye wo aapne bata diya , simple language mai. Hats of you bhai keep up the good work",jo bade bade news channels nahi bata paye wo aapne bata diya  simple language mai hats of you bhai keep up the good work
Reply,reply
1 reply,reply
,nan
Mamata should resign and justice for Dr Moumita!! Ô∏èÔ∏è,mamata should resign and justice for dr moumita
Reply,reply
36 replies,replies
,nan
I'm from West Bengal. You are not like Jerman Shephard. you information is fully true and correct,im from west bengal you are not like jerman shephard you information is fully true and correct
Reply,reply
2 replies,replies
,nan
"Nitish bhai is undoubtedly the best youtuber i have ever seen these days... ‡§∏‡§ö ‡§Æ‡•á‡§Ç ‡§¨‡§ø‡§®‡§æ ‡§ï‡§ø‡§∏‡•Ä ‡§™‡§ï‡•ç‡§∑‡§™‡§æ‡§§ ‡§î‡§∞ ‡§¨‡§ø‡§®‡§æ ‡§ï‡§ø‡§∏‡•Ä ‡§°‡§∞ ‡§ï‡•á ‡§¨‡•á‡§¨‡§æ‡§ï‡•Ä ‡§∏‡•á ‡§∏‡§ö ‡§¨‡§§‡§æ‡§®‡•á ‡§ï‡§æ ‡§Ø‡•á ‡§Ö‡§Ç‡§¶‡§æ‡§ú ‡§ï‡§æ‡§´‡•Ä ‡§ñ‡§æ‡§∏ ‡§π‡•à ‡§≠‡§æ‡§à ‡§ï‡§æ 
Hats off to you bhai ü´°","nitish bhai is undoubtedly the best youtuber i have ever seen these days                       
hats off to you bhai"
Reply,reply
"Very detailed analysis bro. Nice video. Thanks for keeping us all informed.

May the God bless the victim's parents with patience, courage and determination to keep raising yheir voice at every platform for justice.","very detailed analysis bro nice video thanks for keeping us all informed

may the god bless the victims parents with patience courage and determination to keep raising yheir voice at every platform for justice"
Reply,reply
"Proper fair report, without any political views, hats off.. We want Justice",proper fair report without any political views hats off we want justice
Reply,reply
"Dhruv: trust me bro 
Nitish: source link in the discription","dhruv trust me bro 
nitish source link in the discription"
Reply,reply
12 replies,replies
,nan
Shame on Kolkata police. Shame on Kolkata government.,shame on kolkata police shame on kolkata government
Reply,reply
1 reply,reply
,nan
Thanks for the information please provide more,thanks for the information please provide more
Reply,reply
"I can literally see the level of research you have done before posting this video. It shows that you don‚Äôt have any prejudice regardless of the political parties. 
You have that ‡§ß‡•à‡§∞‡•ç‡§Ø in your explanation and that keeps everyone engaged.","i can literally see the level of research you have done before posting this video it shows that you dont have any prejudice regardless of the political parties 
you have that  in your explanation and that keeps everyone engaged"
Reply,reply
"I hope this channel never ends and keeps spreading knowledge 
we all are proud to have you","i hope this channel never ends and keeps spreading knowledge 
we all are proud to have you"
Reply,reply
19 replies,replies
,nan
"This guy has much better facts and presents them more nicely and in a precise way than the new channels or newspapers. Wow, fantastic work.",this guy has much better facts and presents them more nicely and in a precise way than the new channels or newspapers wow fantastic work
Reply,reply
"Finally Aaj Clarification Mila 
Thank you bhaiiii","finally aaj clarification mila 
thank you bhaiiii"
Reply,reply
"Clean and honest reporting without any masala. I hope the doctor gets justice, and may God give strength to her parents. I cannot imagine what they are going through after losing their only child.",clean and honest reporting without any masala i hope the doctor gets justice and may god give strength to her parents i cannot imagine what they are going through after losing their only child
Reply,reply
"I am a resident of Kolkata,, 3 km away from r g kar medical College,, details you have share in this case even I don't know.. fabulous bro..hats off..",i am a resident of kolkata  km away from r g kar medical college details you have share in this case even i dont know fabulous brohats off
Reply,reply
9 replies,replies
,nan
"Thank you... For raising your voice. You have mentioned every minute details. 
 Justice for R.G.KAR.","thank you for raising your voice you have mentioned every minute details 
 justice for rgkar"
Reply,reply
Detailed analysis good work,detailed analysis good work
Reply,reply
"""Rape is not just an attack on the body, it is an attack on the soul.""
‚Äî Unknown","rape is not just an attack on the body it is an attack on the soul
 unknown"
Reply,reply
1 reply,reply
,nan
Who wants mamta banerjee to be removed from the post of cm,who wants mamta banerjee to be removed from the post of cm
Reply,reply
46 replies,replies
,nan
"I've never commented or subscribed to a YouTube channel until now, but I feel accountable for doing so for Nitish. The outstanding presentation and well-researched information, rich in factual insights, stand out. Keep up the wonderful effort, Nitish!
I genuinely hope that justice gets served and this video reaches billions of people.","ive never commented or subscribed to a youtube channel until now but i feel accountable for doing so for nitish the outstanding presentation and wellresearched information rich in factual insights stand out keep up the wonderful effort nitish
i genuinely hope that justice gets served and this video reaches billions of people"
Reply,reply
Kitni mehnat krte ho bhai aap ek vdo k liye appreciated,kitni mehnat krte ho bhai aap ek vdo k liye appreciated
Reply,reply
"India main ek journalist who Nitesh Rajput 
No Politics - pure content and perfect","india main ek journalist who nitesh rajput 
no politics  pure content and perfect"
Reply,reply
3 replies,replies
,nan
"‡§¨‡§π‡•Å‡§§ ‡§∏‡§ü‡•Ä‡§ï ‡§§‡§∞‡•Ä‡§ï‡•á ‡§∏‡•á ‡§µ‡•Ä‡§°‡§ø‡§Ø‡•ã ‡§¨‡§®‡§æ‡§Ø‡§æ ‡§Ü‡§™‡§®‡•á ‡§∏‡§∞, 
‡§¨‡§Ç‡§ó‡§æ‡§≤ ‡§ï‡•ã ‡§•‡•ã‡§°‡§º‡§æ ‡§¨‡§π‡•Å‡§§ ‡§Æ‡•à‡§Ç ‡§ú‡§æ‡§®‡§§‡§æ ‡§π‡•Ç‡§Ç ‡§µ‡§π ‡§á‡§Ç‡§∏‡§æ‡§´ ‡§Æ‡§ø‡§≤‡§®‡§æ ‡§®‡§æ‡§Æ‡•Å‡§Æ‡§ï‡§ø‡§® ‡§π‡•à‡•§",
Reply,reply
"Dear Mr. Nitish Rajput . I'm Kalyan Tejavath from Hyderabad, Telangana. Being a  Software engineer I really admire your videos which are having clear cut content and message. Even I have shown to my colleagues who are from North came to hyderabad for work.. Long live my brother .",dear mr nitish rajput  im kalyan tejavath from hyderabad telangana being a  software engineer i really admire your videos which are having clear cut content and message even i have shown to my colleagues who are from north came to hyderabad for work long live my brother
Reply,reply
4 replies,replies
,nan
"Commendable research by you, thanks for spreading awareness,, no media has informed in such details in spite of running this story for entire month",commendable research by you thanks for spreading awareness no media has informed in such details in spite of running this story for entire month
Reply,reply
Thanks for making India understand about this case. Need strong LAW AGAINST SUCH CRIME.,thanks for making india understand about this case need strong law against such crime
Reply,reply
2 replies,replies
,nan
"Nitish bhai, your research is unmatched. You are doing a very good job in exposing the mafia",nitish bhai your research is unmatched you are doing a very good job in exposing the mafia
Reply,reply
Thank you so much for raising your voice Nitish Bhai for against these heinous crimes in India.,thank you so much for raising your voice nitish bhai for against these heinous crimes in india
Reply,reply
"Abhaya is my neighbour, I am from Kolkata sodpur.She was always a very kind hearted person and as a doctor she was a very good person.. Finally I can say we have lost a very talented doctor and person.",abhaya is my neighbour i am from kolkata sodpurshe was always a very kind hearted person and as a doctor she was a very good person finally i can say we have lost a very talented doctor and person
Reply,reply
"Maine iss YouTube channel ke bare mai phele bhi suna hai lekin , aaj mai first time Nitish ki video dkhri hu without skipping a  second .. he explain everything really good nd in simple term as well !! His editing is too good.. 

At last thankyou for covering this topic Nitish sir  we want justice for her asap !!","maine iss youtube channel ke bare mai phele bhi suna hai lekin  aaj mai first time nitish ki video dkhri hu without skipping a  second  he explain everything really good nd in simple term as well  his editing is too good 

at last thankyou for covering this topic nitish sir  we want justice for her asap"
Reply,reply
This is how you make an infotainment video. No bias just pure facts. Great Work Sir.,this is how you make an infotainment video no bias just pure facts great work sir
Reply,reply
Druv rathi manipulating Even this case against BJP and protecting TMC. More power to u Nitish ji,druv rathi manipulating even this case against bjp and protecting tmc more power to u nitish ji
Reply,reply
18 replies,replies
,nan
Thanks For Speaking The Real Story.. Dhruv Bhai Paata Naahi Iss Baat Ko Upar Upar De Chooke Chala Gaya.,thanks for speaking the real story dhruv bhai paata naahi iss baat ko upar upar de chooke chala gaya
Reply,reply
"Ise kehte h analysis krke full detailed and truth video bnana . Naa ki ek chapri youtuber ki terha brain wash krna , ek insaan ko Target krna ,kuch logo ko kitna bhi galat hone pe defend krna , . Heads off to you nitish bhai . Aap jaise unbiased youtuber ki wajah se logo tak sahi knowlege pahuch paati h . Thank you . And keep it up",ise kehte h analysis krke full detailed and truth video bnana  naa ki ek chapri youtuber ki terha brain wash krna  ek insaan ko target krna kuch logo ko kitna bhi galat hone pe defend krna   heads off to you nitish bhai  aap jaise unbiased youtuber ki wajah se logo tak sahi knowlege pahuch paati h  thank you  and keep it up
Reply,reply
26 replies,replies
,nan
"‡§Ö‡§™‡§∞‡§æ‡§ß‡•Ä ‡§ï‡•ã ‡§ï‡•ú‡•Ä ‡§∏‡•á ‡§ï‡•ú‡•Ä ‡§∏‡§ú‡§æ ‡§Æ‡§ø‡§≤‡§®‡•Ä ‡§ö‡§æ‡§π‡§ø‡§è 

‡§î‡§∞ nitish sir ‡§ú‡•Ä ‡§ï‡•ã ‡§á‡§§‡§®‡§æ ‡§∏‡§π‡•Ä ‡§∏‡§π‡•Ä ‡§§‡§∞‡•Ä‡§ï‡•á ‡§∏‡•á ‡§ú‡§æ‡§®‡§ï‡§æ‡§∞‡•Ä ‡§¶‡•á‡§®‡•á ‡§ï‡•á ‡§≤‡§ø‡§è ‡§Ü‡§™‡§ï‡§æ ‡§¶‡§ø‡§≤ ‡§∏‡•á ‡§¨‡§π‡•Å‡§§ ‡§¨‡§π‡•Å‡§§ ‡§ß‡§®‡•ç‡§Ø‡§µ‡§æ‡§¶ ‡§è‡§µ‡§Ç ‡§Ü‡§≠‡§æ‡§∞",nitish sir
Reply,reply
This is the most quality and to the point video on this topic I have seen. Well done Nitish Rajput and team behind it.,this is the most quality and to the point video on this topic i have seen well done nitish rajput and team behind it
Reply,reply
"Nitish bhai is unmatched! After watching your videos, I was so inspired that I started my own channel. Thank you for being such a legend and setting the bar so high!",nitish bhai is unmatched after watching your videos i was so inspired that i started my own channel thank you for being such a legend and setting the bar so high
Reply,reply
Nitish Rajput = straight forward content + pure content + zero politics + presentation next level Ô∏è,nitish rajput  straight forward content  pure content  zero politics  presentation next level
Reply,reply
"‡§¨‡§π‡•Å‡§§ ‡§¨‡§π‡•Å‡§§ ‡§ó‡§π‡§∞‡§æ‡§à ‡§∏‡•á ‡§¨‡§®‡§æ‡§Ø‡§æ  ‡§ó‡§Ø‡§æ, ‡§∏‡§ö‡•ç‡§ö‡•Ä ‡§ñ‡•ã‡§ú‡•Ä ‡§™‡§§‡•ç‡§∞‡§ï‡§æ‡§∞‡§ø‡§§‡§æ , ‡§¨‡§æ‡§∞‡§Ç‡§¨‡§æ‡§∞ ‡§ß‡§®‡•ç‡§Ø‡§µ‡§æ‡§¶ ‡§î‡§∞ ‡§Ü‡§≠‡§æ‡§∞  ‡•§",
Reply,reply
Shame on dhruv rathee didn't cover all these points,shame on dhruv rathee didnt cover all these points
Reply,reply
3 replies,replies
,nan
Your presentation of the incidence is very good and clear keep it up sir present some other news also which I could not understand.thank you.,your presentation of the incidence is very good and clear keep it up sir present some other news also which i could not understandthank you
Reply,reply
"‡≤®‡≥Ä‡≤µ‡≥Å ‡≤∏‡≤¶‡≤æ ‡≤´‡≥ç‡≤Ø‡≤æ‡≤ï‡≥ç‡≤ü‡≥ç ‡≤á‡≤Ç‡≤¶ ‡≤®‡≤ø‡≤∑‡≥ç‡≤™‡≤ï‡≥ç‡≤∑ ‡≤Æ‡≤æ‡≤§‡≥Å ‡≤π‡≥á‡≤≥‡≥ç‡≤§‡≥Ä‡≤∞‡≤æ ‡≤§‡≥Å‡≤Ç‡≤¨‡≤æ ‡≤â‡≤§‡≥ç‡≤§‡≤Æ ‡≤®‡≤ø‡≤§‡≥Ä‡≤∂‡≥ç ‡≤∞‡≤æ‡≤ú‡≤™‡≥Ç‡≤§‡≥ç ‡≤¨‡≥ç‡≤∞‡≤¶‡≤∞‡≥ç , ‡≤¶‡≥á‡≤µ‡≤∞‡≥Å ‡≤®‡≤ø‡≤Æ‡≤ó‡≥Ü  ‡≤Ü‡≤Ø‡≤∏‡≥ç‡≤∏‡≥Å ‡≤π‡≤æ‡≤ó‡≥Ç ‡≤Ü‡≤∂‡≥Ä‡≤∞‡≥ç‡≤µ‡≤æ‡≤¶ ‡≤®‡≥Ä‡≤°‡≤≤‡≤ø ‡≤Ö‡≤Ç‡≤§  ‡≤ï‡≥á‡≤≥‡≤ø ‡≤ï‡≥ä‡≤≥‡≥ç‡≤≥‡≥Å‡≤§‡≥á‡≤®‡≥Ü",
Reply,reply
4 replies,replies
,nan
Nitish Rajput salute brother .....zero politics+pure content.... hat's off bro,nitish rajput salute brother zero politicspure content hats off bro
Reply,reply
"If you notice, Nitish Rajput didn't talk about any sponsor in this video. He probably won't bother about the sponsors for this video. Kudos for his passion to stand beside the truth.",if you notice nitish rajput didnt talk about any sponsor in this video he probably wont bother about the sponsors for this video kudos for his passion to stand beside the truth
Reply,reply
1 reply,reply
,nan
Appreciated your efforts....,appreciated your efforts
Reply,reply
Who want resignation of Chief Minister,who want resignation of chief minister
Reply,reply
17 replies,replies
,nan
‡§Æ‡•á‡§∞‡•Ä ‡§ú‡§ø‡§Ç‡§¶‡§ó‡•Ä ‡§Æ‡•á‡§Ç ‡§ê‡§∏‡§æ ‡§™‡§π‡§≤‡•Ä ‡§¨‡§æ‡§∞ ‡§π‡•Å‡§Ü ‡§π‡•à ‡§ï‡§ø ‡§Æ‡•Å‡§ù‡•á ‡§ï‡•ã‡§à ‡§µ‡•Ä‡§°‡§ø‡§Ø‡•ã ‡§á‡§§‡§®‡•Ä ‡§™‡§∏‡§Ç‡§¶ ‡§Ü‡§à ‡§π‡•à ‡§î‡§∞ ‡§¨‡§°‡§º‡•Ä ‡§ï‡•ç‡§≤‡•á‡§∞‡§ø‡§ü‡•Ä ‡§∏‡•á  ‡§µ‡•Ä‡§°‡§ø‡§Ø‡•ã ‡§∏‡§Æ‡§ù ‡§ó‡§à ‡§î‡§∞ ‡§¶‡§ø‡§≤ ‡§§‡•ã ‡§Ø‡§π ‡§ï‡§∞ ‡§∞‡§π‡§æ ‡§•‡§æ ‡§ï‡•Ä ‡§µ‡•Ä‡§°‡§ø‡§Ø‡•ã ‡§ï‡§≠‡•Ä ‡§ñ‡§§‡•ç‡§Æ ‡§π‡•Ä ‡§®‡§æ ‡§π‡•ã‡•§ ‡§¨‡§π‡•Å‡§§ ‡§Ö‡§ö‡•ç‡§õ‡•Ä ‡§µ‡•Ä‡§°‡§ø‡§Ø‡•ã ‡§¨‡§®‡§æ‡§à ‡§π‡•à‡•§,
Reply,reply
"‡§¨‡§π‡•Å‡§§ ‡§π‡•Ä ‡§Ö‡§ö‡•ç‡§õ‡•Ä ‡§ú‡§æ‡§®‡§ï‡§æ‡§∞‡•Ä ‡§¶‡•Ä ‡§ó‡§à ,,‡§≠‡§æ‡§à ‡§â‡§∏ ‡§¨‡§π‡§® ‡§ï‡•ã ‡§®‡•ç‡§Ø‡§æ‡§Ø ‡§Æ‡§ø‡§≤‡§®‡§æ ‡§ö‡§æ‡§π‡§ø‡§è,,‡§¨‡§æ‡§ï‡•Ä ‡§Ø‡•á ‡§ú‡§ø‡§§‡§®‡•á ‡§≠‡•Ä ‡§Ø‡•Ç‡§ü‡•ç‡§Ø‡•Ç‡§¨‡§∞‡•ç‡§∏ ‡§π‡•à ‡§´‡§æ‡§≤‡§§‡•Ç ‡§ï‡•Ä ‡§¨‡§æ‡§§‡•á ‡§ï‡§∞ ‡§Ö‡§™‡§®‡•Ä ‡§ï‡§Æ‡§æ‡§à ‡§ï‡§∞ ‡§∞‡§π‡•á ‡§π‡•à,,",
Reply,reply
I love the way you explain in detailed manner,i love the way you explain in detailed manner
Reply,reply
"Finally Wait Is Over . ‡§Ü‡§™‡§ï‡•Ä Video ‡§™‡•Ç‡§∞‡•Ä Details ‡§î‡§∞ ‡§¨‡•ã‡§π‡§§ ‡§∏‡§æ‡§∞‡•Ä ‡§¨‡•á‡§π‡§§‡§∞ Reseach ‡§ï‡•á ‡§∏‡§æ‡§• ‡§π‡•ã‡§§‡•Ä ‡§π‡•à ‡§§‡§æ‡§ï‡§ø ‡§ú‡§∞‡§æ ‡§∏‡•Ä ‡§≠‡•Ä ‡§ó‡§≤‡§§‡•Ä ‡§® ‡§π‡•ã‡•§ ‡§á‡§∏‡•Ä ‡§µ‡§ú‡§π ‡§∏‡•á Video ‡§¨‡§®‡§®‡•á ‡§Æ‡•á‡§Ç ‡§ï‡§æ‡§´‡•Ä Time ‡§≤‡§ó ‡§ú‡§æ‡§§‡§æ ‡§π‡•à‡•§ ‡§ï‡•Å‡§õ ‡§≤‡•ã‡§ó 3-4 Video ‡§Æ‡•á‡§Ç Topic Cover ‡§ï‡§∞‡§§‡•á ‡§π‡•à‡•§ ‡§Ü‡§™‡§ï‡•Ä ‡§è‡§ï Video ‡§π‡•Ä ‡§ï‡§æ‡§´‡•Ä ‡§π‡•ã‡§§‡•Ä ‡§π‡•à‡•§ 
                                          ‡§ú‡§Ø ‡§π‡§ø‡§®‡•ç‡§¶ üáÆüá≥",finally wait is over   video  details     reseach               video    time       video  topic cover     video
Reply,reply
"I'm from Kolkata..and leave near this hospital about 10 km ...in kolkata darty politics is in every field... hospital, police, municipality jobs,,,scam call centers...‡§î‡§∞ ‡§Ø‡•á ‡§ú‡•ã ‡§π‡•Å‡§Ü ‡§π‡•à ‡§µ‡•ã ‡§∂‡§æ‡§Ø‡§¶ ‡§ï‡§ø‡§§‡§®‡•Ä ‡§¨‡§æ‡§∞ ‡§π‡•Ä ‡§π‡•ã ‡§ö‡•Å‡§ï‡§æ ‡§π‡•à ‡§™‡§∞ ‡§ï‡§≠‡•Ä ‡§∏‡§æ‡§Æ‡§®‡•á ‡§®‡§π‡•Ä‡§Ç ‡§Ü ‡§™‡§æ‡§Ø‡§æ
‡§§‡•ã ‡§¨‡§∏ ‡§è‡§ï ‡§™‡§Ç‡§ï‡•ç‡§§‡§ø ‡§∏‡§¨ ‡§Ø‡§æ‡§¶ ‡§∞‡§ñ‡•ã

‡§∏‡§ø‡§∞‡•ç‡§´‡§º ‡§π‡§Ç‡§ó‡§æ‡§Æ‡§æ ‡§ñ‡§°‡§º‡§æ ‡§ï‡§∞‡§®‡§æ ‡§π‡§Æ‡§æ‡§∞‡§æ ‡§Æ‡§ï‡§º‡§∏‡§¶ ‡§®‡§π‡•Ä‡§Ç, 

‡§π‡§Æ‡§æ‡§∞‡•Ä ‡§ï‡•ã‡§∂‡§ø‡§∂ ‡§π‡•à ‡§ï‡§ø ‡§Ø‡•á ‡§∏‡•Ç‡§∞‡§§ ‡§¨‡§¶‡§≤‡§®‡•Ä ‡§ö‡§æ‡§π‡§ø‡§è‡•§ 

‡§Æ‡•á‡§∞‡•á ‡§∏‡•Ä‡§®‡•á ‡§Æ‡•á‡§Ç ‡§®‡§π‡•Ä‡§Ç ‡§§‡•ã ‡§§‡•á‡§∞‡•á ‡§∏‡•Ä‡§®‡•á ‡§Æ‡•á‡§Ç ‡§∏‡§π‡•Ä, 

‡§π‡•ã ‡§ï‡§π‡•Ä‡§Ç ‡§≠‡•Ä ‡§Ü‡§ó, ‡§≤‡•á‡§ï‡§ø‡§® ‡§Ü‡§ó ‡§ú‡§≤‡§®‡•Ä ‡§ö‡§æ‡§π‡§ø‡§è‡•§ 


‡§î‡§∞ ‡§Ø‡•á ‡§Ü‡§ó ‡§Ü‡§ú ‡§Ø‡•á ‡§ó‡§Ç‡§¶‡§ó‡•Ä ‡§®‡§π‡•Ä‡§Ç ‡§Æ‡§ø‡§ü‡§æ ‡§™‡§æ‡§à ‡§§‡•ã ‡§ï‡§≠‡•Ä ‡§®‡§π‡•Ä‡§Ç ‡§Æ‡•Ä‡§ü ‡§™‡§æ‡§è‡§ó‡§æ ‡§î‡§∞
‡§¨‡•á‡§∏‡•ç‡§ü ‡§µ‡•Ä‡§°‡§ø‡§Ø‡•ã ‡§®‡•Ä‡§§‡•Ä‡§∂ ‡§≠‡•à‡§Ø‡§æ
‡§¶‡§ø‡§≤ ‡§∏‡•á ‡§∂‡•Å‡§ï‡•ç‡§∞‡§ø‡§Ø‡§æ",im from kolkataand leave near this hospital about  km in kolkata darty politics is in every field hospital police municipality jobsscam call centers
Reply,reply
15 replies,replies
,nan
Noticed that Nitish Rajput has not advertised any product within this video possibly out of respect for the victim.  Prayers for the victim's family.,noticed that nitish rajput has not advertised any product within this video possibly out of respect for the victim  prayers for the victims family
Reply,reply
sir justic milna chye sare victims ko but ap bolte bht accha ho,sir justic milna chye sare victims ko but ap bolte bht accha ho
Reply,reply
I have no hate for other YouTubers but they are focusing on earning money but Sir you are providing true information to all of us without any inclination towards any political party or government body.,i have no hate for other youtubers but they are focusing on earning money but sir you are providing true information to all of us without any inclination towards any political party or government body
Reply,reply
"Dhruv Rathee ne to case ‡§ï‡•ã Social problem ‡§¨‡§®‡§æ‡§ï‡§∞ follow ‡§ï‡•ã ‡§ó‡•Å‡§Æ‡§∞‡§æ‡§π ‡§ï‡§∞ ‡§¶‡§ø‡§Ø‡§æ ...
Thanks sir for your unbiased and real information...","dhruv rathee ne to case  social problem  follow     
thanks sir for your unbiased and real information"
Reply,reply
12 replies,replies
,nan
I'm from Pakistan and I have no words for such incidents. Even in Pakistan conditions are similar. I pray for all of the oppressed people.,im from pakistan and i have no words for such incidents even in pakistan conditions are similar i pray for all of the oppressed people
Reply,reply
"as a bengali  i appreciate  your hard work , thank you ! totally unbiased  analysis .",as a bengali  i appreciate  your hard work  thank you  totally unbiased  analysis
Reply,reply
"Thank you for making such detailed video, which no other channels have researched to this extent. Hope the victim gets justice and all corrupt officials get behind the bars.",thank you for making such detailed video which no other channels have researched to this extent hope the victim gets justice and all corrupt officials get behind the bars
Reply,reply
Hats off #nitishrajput. Thank you for showing unbiased true facts. Every detail is backed by relevant evidence. The country needs more people like you. Thank you once again and more success to you,hats off nitishrajput thank you for showing unbiased true facts every detail is backed by relevant evidence the country needs more people like you thank you once again and more success to you
Reply,reply
Sir aap itne achhe se samjha te ho uthne achhe se koi apne video ko explain nahi kar sakta hai  Thank you sir,sir aap itne achhe se samjha te ho uthne achhe se koi apne video ko explain nahi kar sakta hai  thank you sir
Reply,reply
,nan
,nan
,nan
,nan
,nan
,nan
,nan
,nan
,nan
,nan
,nan
,nan
,nan
,nan
,nan
,nan
,nan
,nan
,nan
Show chat replay,show chat replay
2 BHK Homes from ‚Çπ 82.5 L*,bhk homes from   l
saroha.rohanbuilders.com/Rohan_Builders/Official_Site,saroharohanbuilderscomrohanbuildersofficialsite
Visit site,visit site
